{"9c6zbCdHmPeabdMVj8/yqw==":"shokay2018-1%20(5)-1593x900.jpg","PWCnlGWXRp5VuLrvGzwrjQ==":"shokay2018-1%20(4)-1593x900.jpg","2RfFPfa5bP2tMZWZHpZdqQ==":"shokay2018-1%20(3)-1593x900.jpg","k5iIc4tgTdmKZ4E+jSxfyg==":"shokay2018-1%20(2)-1593x900.jpg","A29Cy/gwb8kXvra7CJFtdQ==":"shokay2018-1%20(1)-1593x900.jpg","+hAqj21tfl0K74tYzC2w9w==":"101-1%20(1)-1921x1080.jpg","vVgQez1jnSswOrGp62CV5w==":"pexels-jmeyer1220-668300%20(1)-min-1920x1272.jpg","64V2rY+R3+D0BRAOwvGvWQ==":"20064250_6200907%20(1)-min-1919x1081.jpg","rLulwLpVNA63oMHA+T8kxQ==":"pexels-kseverin-1542252-min-1920x1280.jpg","f1JRcVoeq4Dn1P/bFroMSA==":"untitled-192x192.jpg","ASBIy2m2IFNFmO/lBjfy5g==":"new%20project-1200x535.jpg","ZRjKTB9R2PDOdn7mFvnuYQ==":"mbr-1920x1280.jpg","qVn6yCUJ6LLpT7RmacFidQ==":"mbr-1-1920x1280.jpg","wDd+DC7CYzx2V8riwa4Aaw==":"qrcode_new.communityup.org.tw-192x192.png","ibq+kMm8VrBpOtH5swfW3w==":"idew-1-160x149.png","ROeNkHSiof1EXN3LSf2QJg==":"idew-1-361x336.png","xOhfwpobxGUTN4t9t7sOag==":"idew-1-256x238.png"}